name;email;age;salary;isActive
Teresa;Teresa69@gmail.com;53;true
Eulalia;Eulalia_Pagac52@yahoo.com;34;true
Marisol;Marisol_Rolfson@hotmail.com;30;true
Garfield;Garfield.Predovic@gmail.com;52;false
Paxton;Paxton.Cruickshank89@hotmail.com;74;false
Macie;Macie.Torp@hotmail.com;31;false
Nikko;Nikko58@hotmail.com;29;true
Delmer;Delmer24@gmail.com;83;true
Blanche;Blanche_Wilderman34@hotmail.com;49;true
Arch;Arch.Haag96@gmail.com;79;true
Jalon;Jalon38@gmail.com;68;false
Addison;Addison.Mraz@yahoo.com;85;true
Bennie;Bennie_Kshlerin67@gmail.com;54;true
Jayce;Jayce.Hyatt@hotmail.com;40;false
Laury;Laury_Emmerich89@gmail.com;14;true
Isaiah;Isaiah21@hotmail.com;23;true
Carlos;Carlos_Crist5@gmail.com;75;true
Marina;Marina.Purdy60@hotmail.com;82;false
Kirk;Kirk_Mraz@yahoo.com;46;true
Kamille;Kamille.Beier47@hotmail.com;77;false
Quentin;Quentin_Nolan@hotmail.com;58;false
Hosea;Hosea91@hotmail.com;57;true
Nash;Nash_Ernser11@yahoo.com;78;false
Quinton;Quinton_Moen@gmail.com;90;true
Lamont;Lamont.Cronin0@hotmail.com;97;true
Wilber;Wilber72@gmail.com;95;true
Madie;Madie83@gmail.com;79;true
Alfonzo;Alfonzo36@hotmail.com;27;true
Tess;Tess_Kulas89@hotmail.com;92;true
Felicity;Felicity_Hahn96@gmail.com;53;true
Corene;Corene_Johns@yahoo.com;14;false
Franz;Franz.Trantow32@hotmail.com;66;false
Peggie;Peggie.Cassin@hotmail.com;71;false
Cleveland;Cleveland_Heaney52@hotmail.com;61;true
Tyra;Tyra.Schumm@gmail.com;88;true
Norene;Norene94@hotmail.com;20;false
Cicero;Cicero.Batz95@gmail.com;68;true
Felicita;Felicita81@hotmail.com;46;true
Dayna;Dayna60@hotmail.com;97;false
Jayson;Jayson.Cole@hotmail.com;48;true
Trey;Trey_Balistreri@yahoo.com;97;true
Valentin;Valentin14@gmail.com;20;false
Shyanne;Shyanne.Ward66@yahoo.com;47;false
Mariela;Mariela_Dach@hotmail.com;83;false
Jeanne;Jeanne.Feeney@yahoo.com;97;false
Dandre;Dandre.Fahey@yahoo.com;18;true
Waldo;Waldo76@yahoo.com;80;true
Gideon;Gideon_Kuhlman@yahoo.com;75;true
Stephan;Stephan_Bartell35@hotmail.com;39;false
Verna;Verna.Shanahan80@gmail.com;95;false
Monique;Monique_Leffler@hotmail.com;31;false
Heidi;Heidi_Feest79@yahoo.com;36;false
Alexa;Alexa24@hotmail.com;32;false
Stacey;Stacey_Boyer91@gmail.com;98;true
Annamae;Annamae_Strosin21@hotmail.com;53;false
Mack;Mack_Pfannerstill84@yahoo.com;70;true
Ernestina;Ernestina.Brakus@yahoo.com;97;false
Carlotta;Carlotta_Abshire26@yahoo.com;95;true
Melany;Melany.Deckow@gmail.com;45;true
Aron;Aron9@hotmail.com;33;true
Mafalda;Mafalda.Bayer96@gmail.com;25;true
Lacy;Lacy.Goodwin@hotmail.com;71;true
Dewitt;Dewitt_Kreiger@hotmail.com;81;true
Shany;Shany59@hotmail.com;68;false
Nakia;Nakia49@hotmail.com;62;false
Mylene;Mylene_Stokes86@hotmail.com;48;true
Vita;Vita_Kris9@gmail.com;91;false
Graham;Graham_Greenholt3@gmail.com;20;false
Carolanne;Carolanne_Schiller@hotmail.com;46;true
Daren;Daren16@hotmail.com;28;false
Dina;Dina.Botsford93@hotmail.com;91;false
Braden;Braden.Terry6@yahoo.com;34;true
Matt;Matt43@gmail.com;14;false
Buck;Buck.Collier@gmail.com;67;false
Titus;Titus.Erdman@yahoo.com;40;true
Orion;Orion56@yahoo.com;63;true
Lance;Lance_Jacobs23@yahoo.com;60;true
Jace;Jace_Fay57@yahoo.com;62;true
Dock;Dock4@gmail.com;94;false
Edmond;Edmond.Boyle81@yahoo.com;35;false
Lee;Lee_Sauer63@gmail.com;23;false
Emilia;Emilia_Fahey@yahoo.com;44;true
Ron;Ron_Upton94@gmail.com;20;false
Jamey;Jamey_Goyette@gmail.com;39;true
Sister;Sister.Hoeger46@gmail.com;45;false
Hassan;Hassan.Crona@yahoo.com;28;true
Creola;Creola_Jenkins@gmail.com;40;false
Eddie;Eddie13@hotmail.com;94;true
Arvel;Arvel_Halvorson@gmail.com;89;true
Joaquin;Joaquin.Runolfsdottir15@gmail.com;22;false
Jermey;Jermey_Schmitt32@hotmail.com;71;false
Jorge;Jorge.Carroll@yahoo.com;33;true
Kaya;Kaya.Swift@yahoo.com;47;true
Titus;Titus2@hotmail.com;92;false
Arnold;Arnold.Cummerata27@hotmail.com;79;false
Hyman;Hyman18@yahoo.com;57;true
Monserrate;Monserrate_Goldner@hotmail.com;98;true
Noah;Noah_Langosh@hotmail.com;48;true
Kiley;Kiley_Hessel60@hotmail.com;84;false
Kevin;Kevin.Lebsack@gmail.com;59;true
Remington;Remington.Huels80@yahoo.com;23;false
Loren;Loren_Howe43@gmail.com;37;true
Francisca;Francisca.Gislason61@gmail.com;62;true
Georgette;Georgette.Altenwerth65@yahoo.com;92;true
Frank;Frank.Gutkowski53@gmail.com;98;true
Florine;Florine.Wilderman@yahoo.com;31;false
Conrad;Conrad.Von61@yahoo.com;82;false
Allie;Allie48@hotmail.com;22;true
Cristal;Cristal.Stamm@gmail.com;77;true
Jesus;Jesus.Leffler68@yahoo.com;84;false
Gaston;Gaston_Mayer33@gmail.com;67;true
Julie;Julie13@gmail.com;16;false
Eunice;Eunice.Prohaska69@yahoo.com;96;false
Shanelle;Shanelle.Beatty@hotmail.com;13;true
Araceli;Araceli67@hotmail.com;41;true
Jacklyn;Jacklyn_Raynor58@gmail.com;60;true
Sammie;Sammie.Upton@gmail.com;68;true
Bernice;Bernice.Schuppe63@hotmail.com;26;true
Jermey;Jermey50@yahoo.com;52;false
Brennan;Brennan_Breitenberg95@hotmail.com;12;false
Ed;Ed_Borer3@yahoo.com;55;true
Santino;Santino_Lueilwitz79@gmail.com;24;false
Sterling;Sterling45@yahoo.com;25;true
Daphnee;Daphnee83@gmail.com;33;true
Brenden;Brenden11@yahoo.com;30;false
Ron;Ron18@gmail.com;58;true
Frida;Frida_Walker@gmail.com;35;false
Tanya;Tanya_McKenzie9@yahoo.com;61;true
Kelli;Kelli96@hotmail.com;60;false
Malcolm;Malcolm.Considine60@gmail.com;50;true
Sarah;Sarah_Mertz@gmail.com;53;false
Lonnie;Lonnie64@gmail.com;34;true
Adam;Adam13@hotmail.com;39;true
Gertrude;Gertrude99@gmail.com;78;true
Orpha;Orpha.Steuber55@yahoo.com;77;false
Jana;Jana81@hotmail.com;62;true
Marielle;Marielle_Mills17@hotmail.com;18;false
Miguel;Miguel95@yahoo.com;44;false
Shad;Shad.Deckow@hotmail.com;71;false
Juana;Juana28@yahoo.com;82;true
Jayden;Jayden.Breitenberg@yahoo.com;60;true
Johnson;Johnson_Olson@gmail.com;18;true
Aiden;Aiden.Wunsch@gmail.com;24;false
Justine;Justine88@hotmail.com;49;true
Melvin;Melvin.Lueilwitz19@gmail.com;83;true
Earnestine;Earnestine27@yahoo.com;41;true
Roel;Roel_Weber@gmail.com;12;true
Jorge;Jorge_Batz11@yahoo.com;27;false
Mark;Mark48@gmail.com;93;false
Vanessa;Vanessa_Pollich@yahoo.com;31;true
Benny;Benny_Kutch@yahoo.com;56;false
Caden;Caden_Johnston50@yahoo.com;73;true
Brionna;Brionna.Dietrich79@yahoo.com;86;false
Waino;Waino49@yahoo.com;57;false
Tabitha;Tabitha10@yahoo.com;49;false
Aubrey;Aubrey_Tillman@yahoo.com;28;false
Emery;Emery_Ondricka95@yahoo.com;92;true
Camilla;Camilla.Bergstrom81@gmail.com;19;false
Saul;Saul83@hotmail.com;81;false
Einar;Einar11@hotmail.com;81;false
Stacey;Stacey.Russel93@yahoo.com;80;false
Brook;Brook55@yahoo.com;61;true
Adolphus;Adolphus83@yahoo.com;86;false
Cristobal;Cristobal.Friesen@gmail.com;72;false
Jamie;Jamie7@yahoo.com;69;true
Antonia;Antonia85@gmail.com;14;false
Virginia;Virginia_Wehner@gmail.com;14;true
Junior;Junior_Witting@yahoo.com;13;false
Janis;Janis92@hotmail.com;52;true
Emmalee;Emmalee_Jenkins32@gmail.com;28;false
Lina;Lina35@gmail.com;64;true
Saige;Saige_Mraz32@hotmail.com;82;true
Beth;Beth85@yahoo.com;81;true
Demetrius;Demetrius.Marquardt94@hotmail.com;52;true
Hal;Hal_Keebler@hotmail.com;25;true
Irving;Irving.Schulist72@yahoo.com;84;true
Brooks;Brooks40@gmail.com;54;true
Leola;Leola.Leuschke@yahoo.com;61;true
Alan;Alan.Senger@yahoo.com;52;true
Bernie;Bernie.Hessel43@hotmail.com;67;false
Cory;Cory_Mosciski@gmail.com;72;false
Nannie;Nannie_Williamson@hotmail.com;19;true
Letha;Letha53@yahoo.com;91;true
Kendra;Kendra92@hotmail.com;70;false
Cleve;Cleve61@gmail.com;99;false
Mallory;Mallory.Hauck@hotmail.com;43;false
Angelo;Angelo_Stroman90@gmail.com;28;true
Waino;Waino84@yahoo.com;22;true
Francesca;Francesca.Hauck28@hotmail.com;99;false
Afton;Afton88@yahoo.com;34;true
Brittany;Brittany4@hotmail.com;21;false
Nannie;Nannie15@gmail.com;73;true
Eileen;Eileen.Littel@yahoo.com;45;false
Richie;Richie_Bins77@yahoo.com;69;true
Cathrine;Cathrine_Homenick@gmail.com;46;true
Rocky;Rocky_Dickens1@yahoo.com;54;false
Sunny;Sunny.Hyatt@yahoo.com;77;false
Jaydon;Jaydon_Buckridge79@hotmail.com;16;true
Alexandrine;Alexandrine_Crona@hotmail.com;99;false
Mackenzie;Mackenzie_Huels39@hotmail.com;66;true
Kamron;Kamron_Maggio11@hotmail.com;27;true
Sydnee;Sydnee_Legros61@gmail.com;51;true
Mabelle;Mabelle70@yahoo.com;56;false
Laury;Laury18@yahoo.com;46;true
Lorine;Lorine.Oberbrunner26@gmail.com;61;false
Maybelle;Maybelle.Yost20@hotmail.com;97;false
Ramon;Ramon.Stehr@hotmail.com;64;true
Rylan;Rylan_Mante40@hotmail.com;74;true
Pedro;Pedro62@yahoo.com;84;false
Eusebio;Eusebio41@hotmail.com;80;true
Aurore;Aurore.Kuhic@hotmail.com;24;true
Johnathon;Johnathon.Wiza35@yahoo.com;16;false
Herminia;Herminia16@hotmail.com;31;true
Josephine;Josephine_Casper1@yahoo.com;56;false
Luis;Luis0@yahoo.com;12;true
Joe;Joe_Reilly@yahoo.com;23;true
Zane;Zane53@gmail.com;26;false
Jaqueline;Jaqueline20@hotmail.com;47;false
Kyle;Kyle.Flatley90@gmail.com;87;true
Stefan;Stefan_Steuber32@gmail.com;86;true
Vincent;Vincent98@hotmail.com;76;false
Emily;Emily92@gmail.com;64;true
Elta;Elta.Torphy@yahoo.com;50;false
Ashleigh;Ashleigh_Maggio@yahoo.com;83;true
Greta;Greta55@yahoo.com;96;true
Quincy;Quincy.Ward@hotmail.com;29;false
Raymond;Raymond_Kerluke52@gmail.com;12;true
Kianna;Kianna_Mills@gmail.com;73;false
Maximus;Maximus_Schoen27@gmail.com;60;true
Lawson;Lawson74@hotmail.com;45;false
Otha;Otha23@yahoo.com;50;false
Providenci;Providenci33@gmail.com;85;false
Adah;Adah74@gmail.com;86;true
Earnest;Earnest4@hotmail.com;77;true
Brendon;Brendon51@hotmail.com;16;false
Frederik;Frederik.Tillman@hotmail.com;86;false
Destin;Destin.Rodriguez51@gmail.com;72;true
Kyle;Kyle_Rippin@yahoo.com;36;false
Llewellyn;Llewellyn13@gmail.com;34;false
Darien;Darien62@hotmail.com;59;true
Reed;Reed_Barrows@yahoo.com;94;true
Jeramy;Jeramy_Haley@yahoo.com;75;true
Laura;Laura.Maggio82@gmail.com;49;false
Claude;Claude46@hotmail.com;52;false
Murray;Murray.Lebsack18@hotmail.com;68;false
Serenity;Serenity99@gmail.com;31;false
Delphine;Delphine.Kunde38@gmail.com;56;true
Hayden;Hayden_Wilderman55@hotmail.com;57;true
Erna;Erna_Kerluke72@hotmail.com;23;true
Keira;Keira.Treutel98@yahoo.com;45;false
Scotty;Scotty.Powlowski86@gmail.com;86;false
Saul;Saul.Robel@gmail.com;99;true
Lou;Lou66@hotmail.com;93;true
Marietta;Marietta.Gorczany6@yahoo.com;53;true
Gaylord;Gaylord.OHara50@hotmail.com;55;false
Noel;Noel_Kerluke70@hotmail.com;68;false
Carlos;Carlos.Mueller@hotmail.com;63;false
Golden;Golden79@hotmail.com;24;true
Giovanna;Giovanna_Barton@gmail.com;24;true
Hosea;Hosea.MacGyver84@yahoo.com;85;false
Foster;Foster.Weimann@gmail.com;92;false
Arno;Arno_Reichert30@yahoo.com;59;true
Drake;Drake.Harber@hotmail.com;48;true
Felton;Felton.Schimmel@hotmail.com;33;false
Rogers;Rogers.Borer63@gmail.com;51;true
Brooklyn;Brooklyn.Dicki@hotmail.com;98;false
Franco;Franco.Jakubowski17@hotmail.com;42;true
Myrtis;Myrtis.Nitzsche@yahoo.com;92;false
Alvena;Alvena46@gmail.com;70;true
Sofia;Sofia.Marquardt7@yahoo.com;83;true
Destini;Destini_Schoen@gmail.com;14;true
Derrick;Derrick.Wolf@gmail.com;92;false
Elnora;Elnora_Schulist19@gmail.com;34;false
Gertrude;Gertrude.Kunze1@yahoo.com;14;false
Ethan;Ethan58@yahoo.com;59;true
Kelsie;Kelsie.Krajcik@gmail.com;37;true
Keeley;Keeley.Vandervort@gmail.com;59;false
Troy;Troy.Gibson11@gmail.com;41;true
Marianne;Marianne.Mann63@yahoo.com;40;false
Elouise;Elouise94@yahoo.com;26;false
Cecile;Cecile.Lesch@hotmail.com;65;true
Lorenzo;Lorenzo_Nader33@gmail.com;86;false
Dillon;Dillon90@hotmail.com;55;true
Jadyn;Jadyn.Koepp@gmail.com;49;false
Wade;Wade_Bode@hotmail.com;52;true
Kade;Kade_Cremin@hotmail.com;38;true
Cordell;Cordell4@yahoo.com;70;false
Justine;Justine44@yahoo.com;83;false
Stephania;Stephania16@hotmail.com;55;true
Rachael;Rachael15@gmail.com;42;false
Shemar;Shemar2@gmail.com;27;true
Ottilie;Ottilie.Dach@yahoo.com;18;false
Liliane;Liliane_Skiles@gmail.com;50;true
Itzel;Itzel.Bergstrom@hotmail.com;68;true
Erling;Erling.Thompson79@gmail.com;23;false
Bianka;Bianka_Crooks32@gmail.com;52;true
Kaden;Kaden.Raynor16@hotmail.com;99;true
Shea;Shea73@hotmail.com;70;false
Lyric;Lyric1@yahoo.com;45;false
Mable;Mable_Rodriguez@yahoo.com;100;false
Melvin;Melvin.Hahn@hotmail.com;91;false
Ubaldo;Ubaldo18@gmail.com;20;false
Cordie;Cordie44@yahoo.com;24;false
Maynard;Maynard_Gutkowski25@yahoo.com;21;true
Nyasia;Nyasia_Leuschke@hotmail.com;35;true
Bria;Bria_Leffler@gmail.com;10;true
Lucile;Lucile_Bechtelar@yahoo.com;62;false
Stanton;Stanton98@hotmail.com;71;true
Laron;Laron.Mosciski81@gmail.com;14;false
Cyril;Cyril_Goyette97@yahoo.com;61;true
Cathrine;Cathrine.Wuckert94@hotmail.com;12;false
Arianna;Arianna31@yahoo.com;48;false
Eloisa;Eloisa77@gmail.com;48;true
Ottilie;Ottilie.Grant52@gmail.com;89;true
Sienna;Sienna48@yahoo.com;15;true
Jaylan;Jaylan50@hotmail.com;56;true
Jamar;Jamar.Abshire@yahoo.com;82;true
Nina;Nina45@hotmail.com;20;false
Alden;Alden_Fritsch34@hotmail.com;22;true
Michel;Michel57@gmail.com;77;true
Cornelius;Cornelius_Johnson6@yahoo.com;30;true
Lessie;Lessie_Green@hotmail.com;32;true
Robbie;Robbie85@hotmail.com;18;false
Name;Name_Mayert@gmail.com;19;true
Maude;Maude.Schaefer13@gmail.com;85;false
